"point_id","latitude","longitude","elevation_m","distance_from_start_m","segment_length_m","elevation_delta_m","slope_pct","slope_deg","bearing_deg","elevation_smoothed_m","elevation_delta_smoothed_m","slope_smoothed_pct","slope_smoothed_deg","smoothing_window_m"
"0","55.498786","37.571082","173.0","0.0","","","","","","171.70105488918463","","","","250"
"1","55.499135","37.571268","173.0","40.536751323551314","40.536751323551314","0.0","0.0","0.0","16.797670812547604","171.38217736764926","-0.3188775215353701","-0.7866380780990372","-0.4507011224931752","250"
"2","55.499313","37.57138","171.0","61.54893667403192","21.012185350480607","-2.0","-9.518286492529224","-5.437195995455124","19.615892309896825","171.24653354215624","-0.13564382549301968","-0.6455483959926002","-0.36986684782119456","250"
"3","55.500489","37.572141","170.0","200.8213065147418","139.27236984070987","-1.0","-0.7180175085293163","-0.4113866589814986","20.12895611280716","169.29995509174043","-1.9465784504158137","-1.39767740912442","-0.800758026601485","250"
"4","55.500656","37.572246","170.0","220.533247580095","19.711941065353212","0.0","0.0","0.0","19.601712084870595","168.97321338432235","-0.32674170741807984","-1.657582611143146","-0.9496379109580175","250"
"5","55.500878","37.572373","168.0","246.48205325501584","25.94880567492084","-2.0","-7.707483824324802","-4.407349389028326","17.953250857941626","168.52511062089866","-0.44810276342369093","-1.7268724003616707","-0.9893266688202852","250"
"6","55.50208","37.57272","166.0","381.91338086332655","135.4313276083107","-2.0","-1.4767631945426418","-0.8460614835895482","9.285954576531566","166.61628293290582","-1.90882768799284","-1.4094432371758758","-0.8074980217253415","250"
"7","55.502341","37.572795","166.0","411.31715063125137","29.40376976792483","0.0","0.0","0.0","9.243881456312833","166.53329183152226","-0.08299110138355559","-0.2822464671658755","-0.16171488408827506","250"
"8","55.50339","37.573086","167.0","529.3916700096514","118.07451937840004","1.0","0.8469227783136206","0.4852394062090731","8.928837160944397","166.58262634485098","0.04933451332871641","0.04178252309510685","0.023939620914465415","250"
"9","55.505199","37.573581","166.0","732.9446380103836","203.55296800073222","-1.0","-0.49127262049866194","-0.28147621299887016","8.808843643302744","166.32363320751878","-0.2589931373321974","-0.12723623726835845","-0.0729009546261068","250"
"10","55.505673","37.573711","166.0","786.2830871976403","53.33844918725665","0.0","0.0","0.0","8.828697032210458","166.58770364619903","0.2640704386802497","0.4950845828928601","0.28366025344575424","250"
"11","55.506211","37.573865","167.0","846.8869742499252","60.603887052284854","1.0","1.6500591771238518","0.9453284794752943","9.20786603515668","167.20367724259174","0.6159735963927062","1.0163928855937685","0.5823301746419706","250"
"12","55.507138","37.574155","169.0","951.5699513801135","104.68297713018829","2.0","1.9105303028521181","1.094520071605654","10.046321779042568","168.43296852246462","1.2292912798728821","1.1742991206145028","0.6727929105448891","250"
"13","55.507996","37.574432","169.0","1048.5566966471072","96.98674526699372","0.0","0.0","0.0","10.360596936449857","169.52471262124564","1.091744098781021","1.1256631983840377","0.6449302650426396","250"
"14","55.510488","37.575236","174.0","1330.241451740616","281.68475509350884","5.0","1.7750339376158948","1.016912739043529","10.35331129286776","173.1914962800668","3.6667836588211458","1.3017330872605832","0.745795996160659","250"
"15","55.510642","37.575284","174.0","1347.6301594071317","17.388707666515728","0.0","0.0","0.0","10.009307315754134","173.24680620791577","0.05530992784898103","0.31807957733102654","0.18224555868456424","250"
"16","55.511451","37.575523","173.0","1438.8369742883635","91.2068148812318","-1.0","-1.0964092993513541","-0.6281710844292004","9.496659522878028","173.0800671338029","-0.16673907411285427","-0.18281427142256804","-0.10474474518348689","250"
"17","55.512278","37.575765","172.0","1532.0490947264584","93.21212043809481","-1.0","-1.0728218554625977","-0.6146580643080076","9.407995152907821","173.39591237378283","0.31584523997992164","0.338845676394289","0.19414352861010706","250"
"18","55.512908","37.57593","175.0","1602.8681082803498","70.81901355389147","3.0","4.236150504577526","2.4256851849410723","8.43524890256533","173.80873549364182","0.41282311985898446","0.5829269558306351","0.3339887603472595","250"
"19","55.513133","37.576006","175.0","1628.340473792815","25.472365512465096","0.0","0.0","0.0","10.827385544588791","173.97908307193475","0.17034757829293312","0.6687544516019615","0.38316236405296067","250"
"20","55.514111","37.576324","174.0","1738.9169092397453","110.57643544693032","-1.0","-0.9043518141620116","-0.5181412963395108","10.43150665925469","174.95130959877673","0.972226526841979","0.8792348233259754","0.5037514651419459","250"
"21","55.514873","37.576568","176.0","1825.0288695808674","86.111960341122","2.0","2.3225577400366273","1.3304883622193244","10.27612427185087","175.5465192502439","0.5952096514671723","0.6912043914797922","0.39602463733665066","250"
"22","55.516458","37.577052","177.0","2003.8877475000613","178.85887791919396","1.0","0.5591000075779222","0.32033736978858646","9.808734000691024","177.05157975367317","1.505060503429263","0.8414793388725323","0.48212076740747284","250"
"23","55.51768","37.577443","178.0","2141.979688744652","138.09194124459052","1.0","0.7241552193323034","0.4149031253850883","10.267782407322377","178.41946579404384","1.3678860403706778","0.9905618155862242","0.5675315519789914","250"
"24","55.517959","37.577477","178.7","2173.0768651367644","31.09717639211265","0.7","2.25100823037279","1.2895149412081315","3.946749535365556","178.6499922440157","0.23052644997184757","0.741309908864643","0.4247315107685208","250"
"25","55.518409","37.577415","180.0","2223.2666437459498","50.18977860918552","1.3","2.590168827248183","1.483725670359619","355.5398625049549","178.72828519521212","0.0782929511964312","0.15599381660173803","0.08937780071669647","250"
"26","55.518637","37.577376","180.0","2248.7377214823887","25.47107773643915","0.0","0.0","0.0","354.4687575926885","178.65085425946558","-0.07743093574654836","-0.30399552208886305","-0.17417606752762557","250"
"27","55.519089","37.577325","178.6","2299.100334306947","50.362612824558475","-1.4","-2.7798398881269195","-1.5923208617676123","356.3450441407344","178.37611867800354","-0.27473558146203914","-0.545514948597085","-0.312553941788624","250"
"28","55.519577","37.577381","177.0","2353.4779223275873","54.3775880206403","-1.6","-2.942388690341841","-1.6853782681031326","3.71700378144539","177.69811925297626","-0.6779994250272807","-1.2468361501615886","-0.714347475525103","250"
"29","55.519861","37.577439","177.0","2385.267688455318","31.789766127730857","0.0","0.0","0.0","6.595036453214377","177.17844579263357","-0.5196734603426876","-1.6347193567094722","-0.9365417799718512","250"
"30","55.521551","37.577944","175.0","2575.857161345749","190.58947289043087","-2.0","-1.0493759018630542","-0.6012260348439858","9.601196703502263","174.09857212501927","-3.0798736676142937","-1.615972603788511","-0.9258035185635407","250"
"31","55.522144","37.578141","172.0","2642.9517361073267","67.09457476157765","-3.0","-4.471300415362315","-2.560161199570246","10.650616668599755","172.31614876885178","-1.7824233561674987","-2.6565834309277427","-1.5217522635639185","250"
"32","55.52227","37.578191","172.0","2657.311467043683","14.359730936356328","0.0","0.0","0.0","12.660598387702436","171.8778425296021","-0.4383062392496697","-3.0523290526283815","-1.7483129078698354","250"
"33","55.523534","37.578669","167.0","2801.046413604304","143.7349465606209","-5.0","-3.4786251497239236","-1.9923020378894816","12.082752115374609","168.5534173336935","-3.324425195908617","-2.3128858189727195","-1.3249497349149604","250"
"34","55.525128","37.579246","169.7","2981.973930305116","180.92751670081205","2.7","1.492310318095402","0.8549673664805917","11.579522127417096","169.60450281956977","1.0510854858762855","0.5809428576938889","0.33285199434992335","250"
"35","55.526078","37.579551","171.0","3089.3393941611903","107.36546385607427","1.3","1.2108176626914946","0.6937135183428851","10.29971686639178","170.48324061427894","0.878737794709167","0.8184548020834093","0.4689295883013506","250"
"36","55.526562","37.579701","171.0","3143.97961035431","54.64021619311949","0.0","0.0","0.0","9.949629899543622","170.44888484402117","-0.034355770257775475","-0.06287634393017223","-0.0360254866366391","250"
"37","55.527846","37.580097","169.0","3288.9131559537236","144.93354559941395","-2.0","-1.379942781174938","-0.7905987928070818","9.901916136066717","169.33772608291451","-1.1111587611066511","-0.7666677555642054","-0.43925966070083405","250"
"38","55.53081","37.580977","168.0","3623.116179300606","334.20302334688216","-1.0","-0.2992193158474397","-0.1714395278244601","9.538419940027005","168.1857247043564","-1.1520013785581114","-0.3447010643474655","-0.19749837959274502","250"
"39","55.533813","37.581894","169.0","3961.98466033123","338.8684810306242","1.0","0.2950997380926756","0.16907920448010264","9.804440436870841","168.90778133184602","0.7220566274896214","0.2130787216602679","0.12208492978644829","250"
"40","55.534838","37.58218","169.0","4077.3717650594917","115.38710472826199","0.0","0.0","0.0","8.972991009990054","169.07031392939575","0.1625325975497276","0.14085854561694203","0.08070594834547241","250"
"41","55.535665","37.582411","169.0","4170.471828726136","93.1000636666437","0.0","0.0","0.0","8.982247454797799","170.08090028933202","1.0105863599362692","1.0854840696509067","0.621912133833143","250"
"42","55.536688","37.582667","173.0","4285.35929255967","114.88746383353484","4.0","3.481667944028919","1.9940433216634643","8.05994276396949","172.32010773880268","2.239207449470655","1.9490441992131835","1.116578693669572","250"
"43","55.53679","37.582693","173.0","4296.81857386463","11.45928130495954","0.0","0.0","0.0","8.207910674720845","172.58835945745045","0.2682517186477753","2.3409122396853705","1.3409990012174777","250"
"44","55.537934","37.582992","175.0","4425.409463795411","128.5908899307814","2.0","1.5553201327687916","0.8910609487982375","8.412792836047759","175.13723683742433","2.5488773799738738","1.9821601525161676","1.1355454091197938","250"
"45","55.538867","37.583228","177.0","4530.211775423107","104.80231162769556","2.0","1.9083548529968402","1.0932740849363263","8.145397534652824","178.03370947977947","2.8964726423551497","2.7637488118055153","1.5831084319430806","250"
"46","55.540406","37.583614","186.0","4703.055759592346","172.84398416923898","9.0","5.207007951857736","2.9807038862108173","8.077235921981238","185.41368361225585","7.379974132476377","4.269731554700988","2.444890970719566","250"
"47","55.542","37.584125","192.0","4883.19290641054","180.13714681819377","6.0","3.330795511075566","1.9076999805587966","10.280712301873217","191.1503755862834","5.736691974027536","3.1846246459190244","1.8240390454100668","250"
"48","55.544896","37.58501","194.0","5209.991687236347","326.7987808258074","2.0","0.611997387183049","0.3506442959434205","9.809053030254562","193.64787211714219","2.497496530858797","0.7642306756921563","0.4378633985995983","250"
"49","55.545928","37.58533","193.4","5326.497380616228","116.50569337988043","-0.6","-0.5149962912487288","-0.2950685309387404","9.949863794473105","193.49365274205525","-0.15421937508693873","-0.13237067701411676","-0.07584276694478106","250"
"50","55.546667","37.585622","193.0","5410.698621220201","84.20124060397262","-0.4","-0.4750523829943759","-0.2721829184505363","12.600621335124687","193.77854014361836","0.2848874015631111","0.3383410974940791","0.1938544295103644","250"
"56","55.552747","37.587317","188.0","6096.5113259221025","165.69047606245135","-5.0","-3.017674955629569","-1.7284758454475986","4.245104673007674","188.4136708559664","-4.361631891985894","-2.632397465224209","-1.5079044103090138","250"
"57","55.554338","37.587448","185.0","6273.614462330773","177.10313640867005","-3.0","-1.693928216537861","-0.9704565624562039","2.6664789886487803","185.5057193091493","-2.9079515468170882","-1.6419537258261283","-0.9406856558712378","250"
"58","55.555021","37.587522","185.0","6349.703177521931","76.08871519115854","0.0","0.0","0.0","3.5068036200894035","183.91574964907113","-1.589969660078168","-2.089626110893934","-1.197093351004482","250"
"59","55.555343","37.587618","185.0","6386.013497595515","36.310320073584066","0.0","0.0","0.0","9.571683582107168","182.8446354633346","-1.0711141857365192","-2.9498891322518523","-1.6896719779342648","250"
"60","55.556053","37.587878","179.0","6466.637663139215","80.62416554369985","-6.0","-7.441937488020121","-4.256070613297942","11.701697509911066","180.01769320376496","-2.8269422595696483","-3.506321262993279","-2.0081514097173505","250"
"61","55.556867","37.588152","176.0","6558.776227046395","92.1385639071805","-3.0","-3.255965659527938","-1.8648720884509797","10.779097180892261","176.26774710876774","-3.7499460949972274","-4.069898570130621","-2.3305938747057877","250"
"62","55.55732","37.588287","174.4","6609.858104943738","51.08187789734219","-1.6","-3.132226272525601","-1.7940469087155964","9.567322147628543","174.92745594814792","-1.3402911606198131","-2.6238094913295056","-1.5029872599649634","250"
"63","55.557732","37.588509","173.4","6657.750655937673","47.89255099393497","-1.0","-2.088007381621076","-1.1961662919396883","16.948690545836634","173.90478913707565","-1.0226668110722699","-2.1353358504577855","-1.2232714199840473","250"
"64","55.558031","37.588744","173.3","6694.1347330792905","36.384077141617205","-0.1","-0.2748455034623291","-0.1574744771451959","23.965729835024923","173.1275120152924","-0.7772771217832428","-2.1363112186626547","-1.2238300099857886","250"
"65","55.55831","37.589017","172.9","6729.591928019534","35.45719494024383","-0.4","-1.1281208247694772","-0.6463382024456813","28.960312555054927","172.45264427190926","-0.674867743383146","-1.9033308881892763","-1.0903966103049698","250"
"66","55.558445","37.589165","172.8","6747.254568132469","17.66264011293547","-0.1","-0.5661667755250455","-0.32438620140025776","31.80001862542526","172.14488521593995","-0.3077590559693135","-1.7424295235677822","-0.9982375625127354","250"
"67","55.558772","37.5896","171.0","6792.756972552668","45.502404420199504","-1.8","-3.9558349123215586","-2.265345290296358","36.95595348708775","171.38676449605356","-0.7581207198863922","-1.666111339711635","-0.9545231632935137","250"
"68","55.559705","37.591053","169.0","6931.004330572707","138.2473580200388","-2.0","-1.4466822575445544","-0.8288300581052753","41.37173309300659","169.90598288782965","-1.4807816082239071","-1.0711102399579089","-0.6136774935408392","250"
"69","55.560162","37.591695","170.2","6995.906020896483","64.9016903237764","1.2","1.8489503031639625","1.0592497943561907","38.46631260375653","169.90881363184377","0.002830744014119091","0.004361587502570888","0.0024990055571585132","250"
"70","55.560702","37.592404","170.3","7070.694391910266","74.78837101378325","0.1","0.13371062725991228","0.07661050052431136","36.594654829851684","170.2008241034951","0.29201047165133787","0.3904490333096322","0.22370968041930592","250"
"71","55.561272","37.593032","170.5","7145.371881789767","74.67748987950075","0.2","0.26781832158890057","0.1534482281563202","31.92569005252308","170.16993279127033","-0.030891312224781586","-0.04136629695859845","-0.023701140946235717","250"
"72","55.564703","37.596256","167.0","7577.400414776945","432.0285329871776","-3.5","-0.8101316771371391","-0.4641611051717598","27.984043435770644","165.8341652782671","-4.335767513003219","-1.0035836019960058","-0.5749917443404692","250"
"73","55.565928","37.597404","160.0","7731.558177816847","154.15776303990273","-7.0","-4.540802786680354","-2.5999024308230894","27.91966242261682","158.89781767103634","-6.936347607230772","-4.4995123634710135","-2.5762929996890978","250"
"74","55.566314","37.597795","155.1","7781.021623815812","49.46344599896518","-4.9","-9.906305355479102","-5.65743666025679","29.803028701126856","156.10125494587234","-2.7965627251639944","-5.65379679616843","-3.23594193935627","250"
"75","55.567105","37.598698","150.0","7885.7099669921645","104.68834317635297","-5.1","-4.871602554076898","-2.789017706240482","32.84225526330792","151.56391848055833","-4.537336465314013","-4.334137237868626","-2.481724541116289","250"
"76","55.567471","37.599094","150.0","7933.4194250070395","47.70945801487538","0.0","0.0","0.0","31.4575216475061","150.823487024772","-0.7404314557863358","-1.5519594784654145","-0.8891359003860986","250"
"77","55.567725","37.599379","150.0","7966.867684635214","33.44825962817395","0.0","0.0","0.0","32.39268651215794","150.77926815195102","-0.04421887282097714","-0.13220081795744895","-0.07574544504449836","250"
"78","55.56813","37.599839","150.0","8020.388866880064","53.52118224484998","0.0","0.0","0.0","32.70901241601436","151.19779055180493","0.41852239985391293","0.7819752522267663","0.44802968439283103","250"
"79","55.568322","37.600031","152.3","8044.914781310435","24.525914430371085","2.3","9.377835866343272","5.357435714010468","29.48480203050317","151.48993137162364","0.2921408198187123","1.1911515904864556","0.6824473140065296","250"
"80","55.568527","37.600193","152.6","8069.8817911672495","24.967009856814883","0.3","1.2015856192651493","0.6884247165801431","24.07602790422369","151.81975923536865","0.3298278637450096","1.3210547263631622","0.7568645763412943","250"
"81","55.568807","37.600372","152.8","8102.987954762224","33.106163594974156","0.2","0.6041171138004102","0.3461293988143377","19.873012064483426","152.3413485893151","0.5215893539464389","1.5755052754757164","0.9026233502327268","250"
"82","55.569207","37.600543","152.9","8148.746874136343","45.75891937411875","0.1","0.2185366292905947","0.1252120659435753","13.588491893138682","153.3967451964561","1.055396607141006","2.306428170893254","1.3212517478078314","250"
"83","55.569415","37.600589","153.1","8172.055563966204","23.308689829861216","0.2","0.85804908581252","0.49161384756379595","7.127386337405471","153.85243706556446","0.4556918691083638","1.9550299585031505","1.120006974784562","250"
"84","55.56983","37.60061","154.0","8218.220405462856","46.16484149665195","0.9","1.9495355574117401","1.116860114247386","1.6388237574164906","154.59558006335422","0.7431429977897608","1.6097596649252144","0.922244692582917","250"
"85","55.57009","37.600562","156.0","8247.288197838116","29.067792375259742","2.0","6.88046747472383","3.9360141558983437","354.04098283111074","155.0764446573425","0.4808645939882865","1.6542865993413427","0.9477499530041181","250"
"86","55.570562","37.600439","156.4","8300.33889138576","53.050693547644784","0.4","0.7539957977001004","0.43199958338101063","351.6185131750833","156.16644921498187","1.0900045576393609","2.0546471398350876","1.1770604786895058","250"
"87","55.571117","37.600367","157.0","8362.217942423184","61.879051037423956","0.6","0.9696334865205428","0.5555416544847407","355.80504037145386","158.1776478922693","2.011198677287439","3.2502093092395388","1.861577429281468","250"
"88","55.571457","37.600406","157.0","8400.103689996346","37.885747573161474","0.0","0.0","0.0","3.7105599964727984","159.14271735087874","0.9650694586094346","2.5473153373726656","1.459188620276573","250"
"89","55.571702","37.600492","162.0","8427.877793462487","27.774103466140676","5.0","18.00238126892371","10.205295264667942","11.224952388278354","159.86150514905248","0.7187877981737358","2.5879783988347556","1.4824714880418253","250"
"90","55.571994","37.600648","162.0","8461.795556169414","33.9177627069284","0.0","0.0","0.0","16.806784825527068","160.7558824349232","0.8943772858707177","2.636899413439268","1.5104820473977787","250"
"91","55.572183","37.600785","162.2","8484.507776773824","22.71222060440936","0.2","0.8805832044497309","0.5045239708071285","22.2846282274938","161.3508371757921","0.5949547408689","2.6195357610844763","1.5005402747610421","250"
"92","55.572519","37.601104","162.5","8526.911266901121","42.40349012729697","0.3","0.7074889333387134","0.40535453620217743","28.22500721373037","162.48252360899653","1.131686433204436","2.668852091672332","1.5287767079871903","250"
"93","55.57267","37.601297","163.0","8547.62671556273","20.715448661609706","0.5","2.4136575951966237","1.3826554757961498","35.852341776620875","162.8755451679891","0.3930215589925581","1.8972389418768114","1.0869074421463","250"
"94","55.573483","37.602612","164.0","8670.126863497426","122.50014793469614","1.0","0.8163255447928863","0.46770969524326433","42.44056594836975","163.4772971452903","0.6017519773012054","0.4912255107006031","0.28144922172421405","250"
"95","55.574147","37.603727","163.0","8771.93250042758","101.80563693015334","-1.0","-0.9822638806199685","-0.5627776480190684","43.5107127341134","164.3414463139968","0.8641491687065184","0.8488225158881846","0.48632779741794896","250"
"96","55.574445","37.604285","164.3","8820.186273568008","48.253773140427725","1.3","2.694089840843639","1.5432264832275242","46.62988267496518","165.04885499755574","0.7074086835589242","1.466017344385131","0.8399058976601955","250"
"97","55.574601","37.604657","165.0","8849.302371819178","29.116098251169554","0.7","2.404168285054753","1.3772216547551395","53.4324635244965","165.55632482787874","0.5074698303230036","1.7429183881209744","0.9985175762315328","250"
"98","55.574767","37.605013","167.7","8878.311459454995","29.009087635817764","2.7","9.307428189042","5.317444153487568","50.48363714997237","166.2826776132416","0.7263527853628489","2.5038801443242047","1.434317952340013","250"
"99","55.574903","37.605366","167.6","8905.164713694188","26.853254239194015","-0.1","-0.372394344124012","-0.2133652560331158","55.72562015272533","167.12879939491768","0.8461217816760893","3.1509096593630774","1.8047411461891492","250"
"100","55.57501","37.605714","167.5","8930.066769015055","24.902055320866403","-0.1","-0.40157327863698905","-0.23008330353375062","61.45890186492327","167.87016096485965","0.7413615699419722","2.9771099629706326","1.705254679746356","250"
"101","55.575085","37.606061","167.6","8953.419581496615","23.352812481560804","0.1","0.42821394673108093","0.2453470191509058","69.07675585933582","168.52576428388804","0.655603319028387","2.8073848473114156","1.6080906535781232","250"
"102","55.575154","37.606491","169.0","8981.517783884125","28.098202387509176","1.4","4.98252514766695","2.852417754763753","74.15345987958497","169.34315078082494","0.8173864969369049","2.909034840251088","1.6662842639377382","250"
"103","55.575204","37.606895","171.0","9007.515201849454","25.997417965329625","2.0","7.69307168376189","4.399140514689451","77.6513001311179","170.0687481547445","0.7255973739195554","2.79103630555626","1.5987309630215405","250"
"104","55.575229","37.607237","171.0","9029.192724535837","21.67752268638347","0.0","0.0","0.0","82.6320877490579","170.60608670431841","0.5373385495739171","2.4787820884691834","1.4199467454916204","250"
"105","55.575245","37.607725","171.0","9059.920537775637","30.727813239800604","0.0","0.0","0.0","86.68055241242868","171.3613646031488","0.7552778988303714","2.457961759062268","1.4080248393541466","250"
"106","55.575236","37.608251","172.0","9093.00066650787","33.08012873223312","1.0","3.0229628430242617","1.7315028204441112","91.73338662384486","172.11864643689617","0.7572818337473848","2.2892348451156206","1.311405896442219","250"
"107","55.575215","37.60861","174.0","9115.6883317161","22.687665208228875","2.0","8.815362804607126","5.037808062469779","95.90740262999529","172.48282115535253","0.3641747184563542","1.6051661337292085","0.9196134729680155","250"
"108","55.575134","37.609986","173.5","9202.653146095952","86.96481437985395","-0.5","-0.5749451701420853","-0.32941568729467036","95.94412128373486","172.51564462954272","0.03282347419019516","0.0377433959058722","0.02162537187208749","250"
"109","55.575109","37.610411","173.0","9229.513471429547","26.860325333594794","-0.5","-1.8614815486789325","-1.066427198809491","95.94021930128093","172.18054032194334","-0.33510430759938004","-1.2475809709581507","-0.7147741600344457","250"
"110","55.57498","37.612599","168.0","9367.800403097477","138.2869316679302","-5.0","-3.61567064920245","-2.070724639548461","95.95295812709735","167.72509975223522","-4.4554405697081165","-3.221881139431896","-1.8453635628189917","250"
"111","55.574918","37.613663","165.0","9435.039571908963","67.23916881148578","-3.0","-4.461685135357504","-2.554663018571242","95.8844929855039","164.93180818960164","-2.793291562633584","-4.154262481240599","-2.378849236374934","250"
"112","55.574825","37.615377","160.0","9543.279792118561","108.24022020959809","-5.0","-4.619354977584044","-2.644815304350583","95.48162583555361","162.08686317895538","-2.8449450106462564","-2.628362179176335","-1.5055939602894186","250"
"113","55.574414","37.622284","169.0","9979.867464801117","436.5876726825553","9.0","2.061441621725297","1.1809517818712574","96.0057734808583","168.88316742857174","6.796304249616355","1.5566871615630742","0.8918440090116617","250"
"114","55.574139","37.626972","174.0","10276.15017279866","296.2827079975425","5.0","1.6875773931570357","0.966818848589155","95.92197891502762","172.29952672066725","3.416359292095507","1.1530741416484702","0.6606335400217507","250"
"115","55.574097","37.627689","171.0","10321.464240712017","45.314067913356986","-3.0","-6.620460572500722","-3.7877170282003156","95.91527019731478","172.14916151009592","-0.1503652105713229","-0.33182898268773736","-0.1901233044644149","250"
"116","55.573463","37.638649","174.0","11014.045853044214","692.5816123321968","3.0","0.4331619474992718","0.24818196217481997","95.8377189927414","173.93126909718848","1.782107587092554","0.2573137310260796","0.14742958260732358","250"
"117","55.573365","37.640149","174.0","11108.969590368237","94.92373732402257","0.0","0.0","0.0","96.59139357650916","175.143113448726","1.2118443515375361","1.2766504835359573","0.7314271110406608","250"
"118","55.573239","37.642297","179.0","11244.727001657533","135.7574112892958","5.0","3.683040176234003","2.109273195588822","95.92276105730454","178.36844382759836","3.225330378872343","2.3758042734029754","1.3609795508323732","250"
"119","55.573072","37.645153","182.0","11425.225854508557","180.49885285102388","3.0","1.6620604245480015","0.9522028024235276","95.90381427662479","180.99251444852726","2.6240706209289044","1.4537879767550108","0.8329004792316043","250"
"120","55.572834","37.649205","178.0","11681.325288262437","256.09943375387985","-4.0","-1.5618933401641701","-0.8948262045364594","95.92966475626237","178.0433260763958","-2.9491883721314593","-1.151579419330434","-0.6597772409223679","250"
"121","55.572638","37.65254","175.0","11892.110478485743","210.785190223307","-3.0","-1.4232498956979773","-0.8154070677533669","95.93335567942128","174.85812572269793","-3.1852003536978657","-1.5111120237258826","-0.8657375214347406","250"
"122","55.572487","37.655068","172.0","12051.918914360831","159.80843587508716","-3.0","-1.877247583065592","-1.0754573154951095","96.02993516091018","172.15437140819245","-2.7037543145054883","-1.691872084036198","-0.9692788228412779","250"
"123","55.571996","37.663302","164.8","12572.428782721297","520.5098683604668","-7.2","-1.383259076850741","-0.7924985276399192","96.01748896944606","164.56374654859678","-7.590624859595664","-1.4583056577784141","-0.8354883711376346","250"
"124","55.571891","37.665301","162.1","12698.64005324111","126.21127051981152","-2.7","-2.1392701213448113","-1.2255245619069723","95.30705122734508","162.17796910382435","-2.3857774447724296","-1.8903045939926035","-1.0829357778598474","250"
"133","55.572423","37.676012","152.2","13378.020308090263","84.86673553779158","2.4","2.827963141025105","1.6198717939452842","76.74415200120838","153.02985530919395","2.468872468676409","2.9091168088785597","1.6663311887906052","250"
"134","55.572746","37.677953","158.9","13505.218132327993","127.19782423773007","6.7","5.267385696376253","3.015203159147259","73.59788854407603","160.10709821758792","7.07724290839397","5.563965382903682","3.184633747533278","250"
"135","55.573001","37.67924","168.0","13590.950108936742","85.73197660874854","9.1","10.614475904981512","6.058959828870302","70.68594855715477","163.46449054905958","3.357392331471658","3.916149451206112","2.2426423677388705","250"
"136","55.573479","37.681609","161.0","13749.076435510193","158.12632657345128","-7.0","-4.426840331833314","-2.5347377722652165","70.35766093779793","164.00860277138835","0.5441122223287778","0.3440997044069269","0.19715382981389595","250"
"137","55.574095","37.6838","169.0","13902.902221147693","153.82578563750002","8.0","5.200688536610172","2.977092906531415","63.5575824930357","165.80158570757135","1.7929829361829945","1.1655932253180685","0.6678054826405405","250"
"138","55.574207","37.684339","164.7","13939.001589441245","36.099368293550725","-4.3","-11.91156577875134","-6.792818399952694","69.81871425786566","166.12312669055535","0.32154098298400413","0.8907108300879839","0.5103262177465604","250"
"139","55.574246","37.684661","165.1","13959.702742198548","20.701152757302587","0.4","1.9322595446231614","1.1069654154914106","77.90761672030145","166.14030378949641","0.017177098941061786","0.08297653344450759","0.04754204073890118","250"
"140","55.574263","37.685023","165.6","13982.53744268986","22.83470049131265","0.5","2.1896499154443587","1.2543765402179825","85.25132173276144","166.01787318150514","-0.12243060799127647","-0.5361603408718","-0.3071943031482408","250"
"141","55.574254","37.68538","165.7","14005.001752108601","22.464309418740534","0.1","0.4451505636606679","0.2550508007779005","92.55315012060956","165.75271085006557","-0.26516233143956924","-1.180371613019011","-0.6762717101999774","250"
"142","55.574219","37.685747","166.0","14028.398356796813","23.3966046882133","0.3","1.2822373331423318","0.7346276161567896","99.57502613560344","165.32403502310814","-0.4286758269574307","-1.8322138304682654","-1.049663749389588","250"
"143","55.573646","37.689095","161.8","14248.29749373296","219.8991369361459","-4.2","-1.9099665685452836","-1.0941971934599914","106.84133807913805","161.24584503011033","-4.078189992997807","-1.8545729873337464","-1.062470250778648","250"
"144","55.573561","37.689457","160.9","14272.938918596752","24.64142486379133","-0.9","-3.652386195095725","-2.091733353087094","112.55451737992371","160.76629142399506","-0.47955360611527453","-1.946127745315335","-1.1149083222618736","250"
"145","55.573333","37.690083","158.0","14319.751301843713","46.812383246960906","-2.9","-6.1949420192962945","-3.544910148470382","122.79075226508253","160.1391476432681","-0.6271437807269535","-1.3396963308157743","-0.7675435388267078","250"
"146","55.573184","37.690345","158.8","14343.113172986094","23.361871142380082","0.8","3.424383240213767","1.9612606929557854","135.16915575336594","160.00272530822642","-0.13642233504168644","-0.5839529471344729","-0.33457659005267343","250"
"147","55.572994","37.690621","159.0","14370.451746298404","27.338573312310572","0.2","0.7315670708754209","0.4191495785317474","140.6052744181772","159.93594958166034","-0.06677572656607822","-0.24425461344761937","-0.13994730646190384","250"
"148","55.572727","37.690914","159.2","14405.39051903226","34.938772733855785","0.2","0.5724299520291947","0.3279746208985165","148.1839454330109","160.0291300910823","0.09318050942195555","0.26669657269232966","0.15280551797251388","250"
"149","55.572395","37.691203","161.0","14446.535730237756","41.14521120549669","1.8","4.374749690820723","2.504949724614199","153.79635327638076","160.49528248495608","0.4661523938737844","1.1329444672081546","0.6491015927912668","250"
"150","55.571829","37.691684","162.0","14516.35956502565","69.8238347878947","1.0","1.4321757076759256","0.820520139070642","154.33722162279287","161.3882481813673","0.8929656964112098","1.2788837781880502","0.7327064857382691","250"
"151","55.57133","37.691957","162.0","14574.439621423058","58.080056397407304","0.0","0.0","0.0","162.81231484242917","161.84395828028022","0.455710098912931","0.7846240640587152","0.4495472486682683","250"
"152","55.570439","37.692352","162.0","14676.579199741034","102.13957831797508","0.0","0.0","0.0","165.92864381645873","161.16977206566","-0.6741862146202209","-0.6600636361757662","-0.37818311341534266","250"
"153","55.569096","37.692657","158.0","14827.140262347693","150.5610626066589","-4.0","-2.656729389888811","-1.5218358329066668","172.68285728350892","158.97935612882486","-2.1904159368351372","-1.4548355988676855","-0.8335005955614365","250"
"154","55.568254","37.692763","158.5","14921.003409207651","93.8631468599578","0.5","0.5326904293396336","0.30520624706863875","175.92845870602326","158.07744572308658","-0.9019104057382776","-0.9608780825172125","-0.5505256448657271","250"
"155","55.567508","37.692719","158.2","15004.001055766255","82.99764655860484","-0.3","-0.36145603211552424","-0.20709814928515163","181.91010881116554","156.9983448575791","-1.0791008655074847","-1.3001583903292113","-0.744893913952668","250"
"156","55.567194","37.692666","156.0","15039.074968469957","35.07391270370153","-2.2","-6.272468140595626","-3.58915740106473","185.45181900097765","156.41975129602477","-0.5785935615543281","-1.6496407641833073","-0.9450888117570971","250"
"157","55.566841","37.692606","155.0","15078.507699026206","39.432730556250135","-1.0","-2.5359643775454925","-1.452689197951721","185.48980917871918","155.65238044259138","-0.7673708534333912","-1.9460251486737632","-1.1148495609704867","250"
"158","55.566041","37.692371","154.0","15168.68254245464","90.1748434284354","-1.0","-1.1089567355818262","-0.635359361787215","189.43088146425194","153.73694119843654","-1.9154392441548396","-2.124139251403271","-1.2168591497495096","250"
"159","55.565402","37.692086","152.0","15241.961056924232","73.27851446959244","-2.0","-2.7293129704886656","-1.5633930206092903","194.15497380517115","152.9581481945794","-0.778793003857146","-1.062784923376569","-0.6089079814617351","250"
"160","55.564887","37.691814","152.7","15301.725878852225","59.76482192799347","0.7","1.171257568278848","0.6710504690819864","196.628651102622","152.42808223945275","-0.5300659551266449","-0.8869196594700558","-0.5081542085757116","250"
"161","55.564215","37.691356","152.0","15381.8063429877","80.08046413547474","-0.7","-0.8741208078112374","-0.5008215752697809","201.07684017481355","152.19062090663985","-0.23746133281289872","-0.29652841723192014","-0.16989777016672136","250"
"162","55.5626","37.690164","152.0","15576.400706358481","194.59436337078128","0.0","0.0","0.0","202.65517190888318","151.4846642083563","-0.7059566982835577","-0.36278373435638706","-0.2078588566584381","250"
"163","55.558519","37.686931","143.8","16073.649304564782","497.2485982063002","-8.2","-1.6490745332574985","-0.9447644735666456","204.1347203398206","143.83778107733465","-7.646883131021639","-1.5378390524590426","-0.881047422736681","250"
"164","55.557948","37.686413","142.6","16145.011006198982","71.36170163420036","-1.2","-1.6815742513416967","-0.963380277488041","207.16132543238948","142.8584712180104","-0.9793098593242462","-1.372318536270593","-0.7862312493565121","250"
"165","55.556943","37.685368","141.5","16274.654282353615","129.64327615463273","-1.1","-0.8484821061510117","-0.48613277105150593","210.45980377020555","141.8719618402496","-0.9865093777607967","-0.7609414132547315","-0.4359788996366915","250"
"166","55.555825","37.684142","142.0","16420.94046415501","146.28618180139404","0.5","0.3417957826521351","0.19583379541051596","211.80902035156663","141.9094194002971","0.03745756004749978","0.025605672105349073","0.014670969111689388","250"
"167","55.555257","37.683519","142.0","16495.265944271552","74.32548011654158","0.0","0.0","0.0","211.81470270944314","142.06779479654134","0.15837539624422448","0.2130835831748325","0.12208771521646739","250"
"168","55.555017","37.683306","142.1","16525.126400718516","29.860456446963564","0.1","0.3348910629601871","0.19187772772898062","206.6558899161298","142.12268036783672","0.054885571295386626","0.1838068731228916","0.10531346215409639","250"
"169","55.554647","37.683023","142.2","16569.953647013008","44.827246294491594","0.1","0.22307861460651013","0.12781441914721664","203.39442914108227","142.19673953681811","0.07405916898139253","0.16521016815278475","0.09465836755663093","250"
"170","55.5543","37.68281","142.3","16610.79780349873","40.84415648572266","0.1","0.2448330645167214","0.14027873252906284","199.1469684604513","142.27521106205137","0.07847152523325462","0.19212424000158962","0.11007894550250887","250"
"171","55.55373","37.682558","142.4","16676.13068364765","65.33288014892005","0.1","0.15306228620575055","0.08769816153556953","194.03999157330102","142.41124197930097","0.13603091724959882","0.20821203188888862","0.11929653431852537","250"
"181","55.548543","37.687288","143.9","17364.664974221327","190.19587537240778","0.5","0.26288687860395965","0.15062273935226012","130.2413315999799","143.50970662922413","0.1095235032383357","0.057584583800193476","0.03299353252081745","250"
"182","55.548364","37.687653","144.0","17395.05126897474","30.386294753412855","0.1","0.32909573480909","0.1885572858881805","130.92173610581798","143.2896322449036","-0.22007438432052595","-0.7242554122062156","-0.414960528662564","250"
"183","55.547803","37.68893","142.0","17496.757256295372","101.7059873206314","-2.0","-1.9664525685149052","-1.1265491330875512","127.83093801715358","141.8349625803549","-1.4546696645487032","-1.4302694490962566","-0.8194281570393072","250"
"184","55.547205","37.69052","139.1","17616.86352906715","120.10627277177477","-2.9","-2.4145283448355466","-1.383154088005914","123.61587605891464","139.15142216123454","-2.6835404191203622","-2.2343049677510267","-1.2799494876601785","250"
"185","55.546829","37.691305","137.4","17681.567115549165","64.70358648201558","-1.7","-2.6273659505296765","-1.5050235572220965","130.25293821405597","137.8989015051145","-1.2525206561200264","-1.9357824260146161","-1.1089831231348901","250"
"186","55.546519","37.69188","136.9","17731.532997450293","49.965881901128434","-0.5","-1.0006828279132365","-0.573329890113147","133.6203929392422","137.18948124329745","-0.7094202618170584","-1.4198093475480853","-0.8134361771385819","250"
"187","55.546272","37.692289","136.5","17769.167071385302","37.63407393500814","-0.4","-1.062866594487689","-0.6089547702762304","136.86909982805565","136.7703656714335","-0.419115571863955","-1.1136598514095053","-0.6380537159072068","250"
"188","55.546045","37.692619","136.3","17801.848587237488","32.68151585218602","-0.2","-0.6119667181429784","-0.35062672453593086","140.56446417067974","136.41058221792056","-0.3597834535129323","-1.10087749644228","-0.6307308638123976","250"
"189","55.545623","37.69315","136.5","17859.448400573776","57.59981333628904","0.2","0.34722334746525296","0.19894352406961935","144.5536411818532","135.7461477684118","-0.6644344495087751","-1.1535357686483474","-0.6608979976339399","250"
"190","55.545177","37.693647","135.0","17918.074447430718","58.62604685694213","-1.5","-2.5585897061425","-1.4656441503069317","147.7705461084554","134.9419938112311","-0.8041539571806879","-1.3716666913308433","-0.7858578400062891","250"
"191","55.544379","37.694513","133.0","18022.19811003218","104.12366260145988","-2.0","-1.9207929783022815","-1.1003979944422417","148.45087118297064","132.99987639191002","-1.9421174193210788","-1.8652027510352378","-1.0685585506918052","250"
"192","55.543673","37.695192","131.0","18111.5712002467","89.37309021452326","-2.0","-2.2378100558002156","-1.281956751557822","151.44753416579292","132.1166749788709","-0.8832014130391315","-0.988218501697964","-0.5661890634355843","250"
"193","55.543107","37.695657","132.0","18180.974357480838","69.40315723413553","1.0","1.4408566408966708","0.8254929212526093","155.06981982728587","132.74715041090735","0.6304754320364623","0.9084247131719343","0.5204747038770149","250"
"194","55.542749","37.695906","132.3","18223.75362941805","42.77927193721267","0.3","0.7012742069110277","0.4017939369123182","158.51910039481956","133.5567089534644","0.8095585425570562","1.8924084162658235","1.0841407481852834","250"
"195","55.542298","37.696152","136.0","18276.236480383443","52.482850965391414","3.7","7.049921892467081","4.032635614056447","162.84888033913634","134.75561902310886","1.1989100696444552","2.284384418131264","1.3086282590573586","250"
"196","55.541325","37.696685","137.1","18389.50687663272","113.2703962492796","1.1","0.9711275288374355","0.5563975970776085","162.77935823085804","137.1163899413459","2.360770918237023","2.084190570889821","1.193980371749644","250"
"197","55.540668","37.696991","138.0","18465.056254155286","75.54937752256568","0.9","1.1912738787704518","0.6825173700912256","165.236323747827","137.76009784159808","0.6437079002521955","0.8520360079206845","0.48816885957627665","250"
"198","55.540095","37.697193","138.3","18530.026230816908","64.96997666162254","0.3","0.46175174352064774","0.26456238059004866","168.7191482805117","138.14902531309986","0.3889274715017734","0.5986264602300697","0.34298359981883814","250"
"199","55.538281","37.697703","138.6","18734.270564019465","204.24433320255903","0.3","0.14688290015002542","0.08415764209020368","170.9606540331985","138.42606165474652","0.2770363416466637","0.13563967102671742","0.07771575918296524","250"
"200","55.533289","37.699033","136.3","19295.629808518133","561.359244498669","-2.3","-0.40971980465985774","-0.23475084231526974","171.42563686647125","136.30694137890265","-2.119120275843869","-0.3774980632476061","-0.21628943057909542","250"
"201","55.531938","37.699629","135.7","19450.46556446102","154.8357559428862","-0.6","-0.3875073921693644","-0.22202426969858025","165.98153489648368","135.79271939187123","-0.5142219870314193","-0.33210803531782335","-0.19028318808210742","250"
"202","55.525256","37.702893","135.0","20221.3453541073","770.8797896462786","-0.7","-0.09080533818654112","-0.05202761205349351","164.5438540133178","135.3973325282503","-0.3953868636209279","-0.05129033980802024","-0.029387197430951827","250"
"203","55.524729","37.703183","136.0","20282.722156269818","61.37680216251849","1.0","1.6292800614670648","0.933426123194671","162.69875849753697","135.59810344823077","0.2007709199804708","0.3271120568465806","0.1874207343717921","250"
"204","55.523074","37.704222","135.8","20478.02492048496","195.30276421514176","-0.2","-0.10240510460962235","-0.05867378243725821","160.43583936866247","135.09750561360084","-0.5005978346299287","-0.25631886811314136","-0.1468595719057572","250"
"205","55.5212","37.705591","130.5","20703.519687169894","225.49476668493446","-5.3","-2.3503871410928396","-1.3464247345551303","157.53237856107106","130.7903015710525","-4.307204042548335","-1.910112640692208","-1.094280856112985","250"
"206","55.520219","37.706376","128.8","20823.272604185706","119.75291701581088","-1.7","-1.4195896370320151","-0.8133103176532938","155.6290516204528","128.59035126288794","-2.199950308164574","-1.8370745055622457","-1.0524477739935416","250"
"207","55.519602","37.70694","126.9","20900.52206890505","77.24946471934649","-1.9","-2.4595639683755124","-1.408942283027649","152.63863662540328","127.63947850270382","-0.9508727601841116","-1.2309117786624266","-0.705224882904817","250"
"208","55.518251","37.708233","127.0","21071.38087880354","170.8588098984892","0.1","0.05852785704138528","0.033533988095130716","151.54933970601417","128.27980716635847","0.6403286636546426","0.374770644858802","0.21472675706098812","250"
"214","55.510583","37.716559","122.0","22072.398315423543","521.4047474109857","-6.0","-1.150737508584791","-0.6592949255126392","147.7321172732108","122.4390400517024","-5.475553320439531","-1.050154097680961","-0.6016718590738691","250"
"215","55.50968","37.717541","122.3","22190.31860933803","117.92029391448573","0.3","0.2544091352227769","0.14576538269493092","148.37481486914353","122.28012483822555","-0.15891521347685966","-0.1347649401146362","-0.07721457620439522","250"
"216","55.507608","37.719727","122.8","22458.701271129088","268.38266179106176","0.5","0.1863011554707861","0.10674257577450774","149.14338563927168","122.63601802057586","0.3558931823503144","0.1326066221920775","0.0759779533364212","250"
"217","55.503476","37.723981","121.0","22990.55144579934","531.8501746702525","-1.8","-0.33844117868646023","-0.19391177115307426","149.7540227394533","121.03519044467993","-1.6008275758959343","-0.3009922064777827","-0.1724553101825147","250"
"218","55.496552","37.73093","119.0","23876.16648859771","885.6150427983699","-2.0","-0.2258317557118714","-0.12939184485743754","150.38102294412582","119.7276239863187","-1.3075664583612223","-0.1476450145008342","-0.08459430050131171","250"
"219","55.495415","37.73198","122.0","24018.849354491176","142.6828658934663","3.0","2.10256500050955","1.2045035329099596","152.38461084090682","121.24841252058185","1.520788534263147","1.0658522484393038","0.6106652302099128","250"
"220","55.493821","37.733393","121.4","24217.186670537765","198.3373160465874","-0.6","-0.3025149336290636","-0.17332776062956515","153.33549232232198","121.12048791525885","-0.12792460532300254","-0.06449850581468712","-0.03695491655633066","250"
"221","55.492535","37.734487","119.5","24375.922981817323","158.7363112795576","-1.9","-1.196953604808055","-0.6857711494389243","154.26896178878738","119.94135842313058","-1.1791294921282685","-0.7428227874412747","-0.4255982786124201","250"
"222","55.491401","37.735426","119.8","24515.203048308984","139.28006649166164","0.3","0.215393349211217","0.1234111075977612","154.86815167574628","120.10085790933668","0.15949948620610144","0.11451709510466831","0.06561343363378759","250"
"223","55.489518","37.736905","122.5","24744.37811010404","229.17506179505517","2.7","1.178138659089589","0.6749924997324671","156.01076416247227","122.55525752427616","2.454399614939476","1.0709715078573325","0.6135980150195871","250"
"224","55.487712","37.738385","125.5","24965.786412973546","221.40830286950458","3.0","1.3549627367715131","0.7762889575525806","155.09400608520636","125.22835737566837","2.673099851392209","1.2073168967686374","0.6917080203911123","250"
"225","55.486918","37.739068","126.0","25064.003182064567","98.21676909102052","0.5","0.5090780369049144","0.2916777098811188","154.0160201983258","125.94972905044817","0.7213716747798031","0.734468952151425","0.42081214469702016","250"
"226","55.486517","37.739429","126.0","25114.058048840456","50.0548667758896","0.0","0.0","0.0","152.9746849007863","126.26724040691182","0.3175113564636547","0.6343266437712174","0.36343752071149515","250"
"227","55.485773","37.740099","127.0","25206.93434544337","92.87629660291226","1.0","1.0767009846176874","0.616880384892515","152.96679518525872","126.83990083693341","0.5726604300215854","0.6165840488558292","0.3532721603387331","250"
"228","55.484654","37.741182","127.7","25348.843195464546","141.9088500211769","0.7","0.4932743799245359","0.28262310887276837","151.259636077988","127.63197586976924","0.7920750328358253","0.5581576009654259","0.31979742742355094","250"
"229","55.483805","37.741963","128.0","25455.303006302973","106.45981083842698","0.3","0.28179648041579475","0.16145706272272203","152.46894404185835","127.91048473746702","0.2785088676977807","0.2616093956060761","0.14989080054432782","250"
"230","55.482908","37.74278","128.0","25567.54568012545","112.2426738224777","0.0","0.0","0.0","152.70101321871905","127.99908275599964","0.08859801853262184","0.07893434423412606","0.04522603843959238","250"
"231","55.482223","37.743378","128.0","25652.524601877183","84.9789217517323","0.0","0.0","0.0","153.67873072313392","128.00054941340164","0.0014666574020054668","0.0017259072859153674","0.0009888720330401054","250"
"232","55.481258","37.744226","128.0","25772.395738133768","119.8711362565856","0.0","0.0","0.0","153.52800249089836","128.32633821931668","0.3257888059150389","0.27178252921344137","0.15571953528266042","250"
"233","55.480254","37.7451","129.3","25896.880565599233","124.48482746546536","1.3","1.0443039738000575","0.5983203525506975","153.74216087719037","128.9012897822298","0.5749515629131281","0.461864770686718","0.26462713900482776","250"
"234","55.479193","37.745949","129.0","26026.42181693715","129.5412513379168","-0.3","-0.2315864613793412","-0.13268903108051364","155.60701655022615","130.82012810483016","1.918838322600351","1.4812565903002866","0.8486354466682968","250"
"235","55.478016","37.746865","137.0","26169.462269350497","143.04045241334853","8.0","5.592823474077211","3.2011169225682576","156.19998455248336","135.69508413990215","4.874956035071989","3.408096068505624","1.951939709219794","250"
"236","55.476856","37.747774","139.0","26310.59629461867","141.13402526817464","2.0","1.4170927217584255","0.8118799783237595","156.05352579546113","138.31795815853215","2.62287401863","1.858427840944923","1.0646781582279772","250"
"237","55.476028","37.748381","138.0","26410.296174581392","99.69987996272265","-1.0","-1.003010234690248","-0.5746632621383361","157.4380314070421","139.5640222416185","1.2460640830863383","1.249815028415517","0.716053981113682","250"
"238","55.47534","37.748908","142.0","26493.696485438515","83.40031085712157","4.0","4.796145192855045","2.7458846111977753","156.53274606447152","140.40370134138502","0.8396790997665278","1.006805719471521","0.5768376951468537","250"
"239","55.474775","37.749302","141.0","26561.250612557407","67.55412711889157","-1.0","-1.480294458161016","-0.8480843064074731","158.4343806527999","141.3640402241722","0.9603388827871697","1.421584326146389","0.8144529597373281","250"
"240","55.473099","37.750362","143.0","26759.225392756194","197.9747801987879","2.0","1.0102296858174489","0.5787992838400805","160.27856589195767","142.95559156409092","1.5915513399187375","0.803916205044223","0.46060013390850907","250"
"241","55.472606","37.750669","143.0","26817.35897270639","58.133579950198865","0.0","0.0","0.0","160.5591594078986","143.87257958612406","0.9169880220331379","1.5773809609156904","0.9036977718144014","250"
"242","55.471963","37.751069","145.3","26893.171826772737","75.81285406634403","2.3","3.0337863259801083","1.7376985372436216","160.5771746963595","145.54275758896583","1.6701780028417659","2.203027472597442","1.2620376202260584","250"
"243","55.470781","37.751865","150.0","27033.85420509309","140.68237832034907","4.7","3.3408590728382404","1.9134595675918176","159.10706846395817","149.27336855694838","3.7306109679825568","2.651796914811569","1.519011722480118","250"
"244","55.470122","37.752309","150.7","27112.293670650037","78.43946555694802","0.7","0.8924079161296571","0.5112984991386013","159.09788876525997","150.7751387729533","1.5017702160049282","1.9145594699579187","1.0968277701900588","250"
"245","55.4695","37.75268","152.0","27185.303140831376","73.00947018134119","1.3","1.7805909243979654","1.020095651940064","161.31948633968727","151.49158077939413","0.7164420064408148","0.9813001034815259","0.5622254976163829","250"
"246","55.468952","37.753006","152.0","27249.60931839025","64.3061775588717","0.0","0.0","0.0","161.36509204669048","151.8995233302377","0.4079425508435861","0.634375368478586","0.3634654367890511","250"
"247","55.468255","37.753421","152.0","27331.407616785815","81.79829839556787","0.0","0.0","0.0","161.3496655129823","152.25708103630507","0.3575577060673538","0.43712120310650326","0.25045040558503684","250"
"248","55.465895","37.754951","154.3","27610.988720987065","279.5811042012496","2.3","0.8226593161834003","0.47133843523831365","159.82043397165222","153.98923873816432","1.7321577018592507","0.6195546393623224","0.3549741183089971","250"
"249","55.465344","37.755353","154.3","27677.290898753276","66.30217776620997","0.0","0.0","0.0","157.5298060853994","153.97637994498015","-0.012858793184165052","-0.019394224469529216","-0.011112071951012064","250"
"250","55.464824","37.755795","153.8","27741.475322364895","64.18442361161802","-0.5","-0.7790052038568047","-0.44632807568351723","154.27169809744788","153.66819782002642","-0.3081821249537313","-0.48015095814920944","-0.2751041201953337","250"
"251","55.46412","37.756537","152.8","27832.6664441828","91.1911218179037","-1.0","-1.0965979802253822","-0.6282791776105051","149.1406258325751","153.00024276650697","-0.6679550535194494","-0.7324781625707654","-0.41967156764951224","250"
"252","55.463807","37.756937","152.8","27875.64496608021","42.978521897409436","0.0","0.0","0.0","144.07635133352193","152.87921089226754","-0.12103187423943496","-0.2816101366360164","-0.16135029644878646","250"
"253","55.463496","37.757416","152.0","27921.55456841819","45.90960233797941","-0.8","-1.7425548453034367","-0.9983093447829778","138.8729925100234","153.05762320461497","0.17841231234743304","0.388616549178512","0.22265976028300316","250"
"254","55.462965","37.758327","153.7","28003.92230473878","82.36773632059095","1.7","2.063914920987115","1.1823682752957432","135.79392152911757","153.75423286078498","0.6966096561700112","0.8457312138076413","0.48455673893434587","250"
"255","55.462756","37.758727","155.0","28038.21448034838","34.292175609599504","1.3","3.7909522417005452","2.1710160239999476","132.6639275844973","154.07292492758856","0.3186920668035782","0.929343388508619","0.5324592100220332","250"
"256","55.462247","37.759967","155.0","28134.724343335838","96.50986298745933","0.0","0.0","0.0","125.90504485510571","154.26322756825388","0.19030264066532254","0.19718465530310703","0.11297833890958958","250"
"257","55.461921","37.760845","153.7","28200.889089880355","66.16474654451758","-1.3","-1.9647925336271361","-1.125598370501916","123.22056033868526","153.2638955158517","-0.9993320524021954","-1.5103693501339348","-0.8653120979070021","250"
"258","55.461676","37.761687","152.0","28260.553662014096","59.66457213374084","-1.7","-2.8492620313933923","-1.632065333948643","117.16752872088479","152.13319649408012","-1.1306990217715622","-1.8950928186278604","-1.0856782460522498","250"
"259","55.4616","37.761946","151.0","28278.939088818137","18.385426804040264","-1.0","-5.4390904854068785","-3.11330161037534","117.36429429080225","151.77166936764866","-0.36152712643146856","-1.9663787535898902","-1.1265068565983","250"
"266","55.455767","37.778396","163.0","29510.654085107482","581.8789675871532","15.0","2.5778556771350076","1.4766754625364291","128.29316024697593","160.98568372852355","12.03500293064863","2.068300041940602","1.1848796924544451","250"
"267","55.455048","37.780007","158.0","29639.921312909653","129.26722780216957","-5.0","-3.867956391585959","-2.2150715435825106","128.20459545520734","159.12804751092568","-1.8576362175978716","-1.4370511762198506","-0.8233130019737395","250"
"268","55.453965","37.782412","157.5","29833.566380154494","193.64506724484193","-0.5","-0.2582043566169478","-0.14793987009181514","128.45266673943678","158.13860879617928","-0.9894387147463988","-0.5109547735059873","-0.29275297277669204","250"
"269","55.4532","37.784176","160.0","29973.59543295635","140.02905280185703","2.5","1.785343791147065","1.0228179785724896","127.40647071142456","159.17841798135638","1.0398091851770914","0.7425667490934437","0.42545158753659196","250"
"270","55.452637","37.785436","159.0","30074.747197992314","101.15176503596435","-1.0","-0.9886134954189397","-0.5664153560590206","128.23533417242433","160.21241842353345","1.0340004421770743","1.0222267914054066","0.585672409196181","250"
"271","55.451717","37.787464","163.9","30238.512028184978","163.76483019266374","4.9","2.99209542991332","1.7138330783172842","128.6573580637858","163.43345368840545","3.2210352648720004","1.9668663052271738","1.126786095111006","250"
"272","55.451178","37.78856","165.5","30329.99260343202","91.48057524704129","1.6","1.7490051802573772","1.002003988440536","130.93111170644536","164.39434839038552","0.9608947019800667","1.0503811321531282","0.6018019258972829","250"
"273","55.450492","37.789819","163.6","30440.091771160078","110.09916772805877","-1.9","-1.72571695064302","-0.9886648421276396","133.8538981497778","164.18534056261927","-0.20900782776624283","-0.18983597431225374","-0.10876787062046674","250"
"274","55.449874","37.790851","163.7","30534.736066878264","94.64429571818498","0.1","0.10565877134081307","0.060537994135917324","136.55766191403828","164.21643557084352","0.031095008224241383","0.03285460363805822","0.018824300583044972","250"
"275","55.448959","37.792217","165.9","30668.049278610164","133.31321173190116","2.2","1.6502490424012128","0.945437234651855","139.7457968260099","165.37781493822857","1.1613793673850523","0.8711659949507767","0.49912872112029516","250"
"276","55.448383","37.793002","166.0","30748.999481564257","80.95020295409215","0.1","0.12353273537400669","0.07077900768266868","142.29812655947057","165.5776936822422","0.19987874401363115","0.24691567991124722","0.14147197603991368","250"
"277","55.446931","37.794668","164.0","30941.630793803295","192.63131223903858","-2.0","-1.038252803634632","-0.594853663315295","146.94531164250625","164.2273117338158","-1.3503819484263886","-0.7010189219656475","-0.40164767660313505","250"
"278","55.446121","37.795422","163.7","31043.481151882545","101.85035807924959","-0.3","-0.29454977445103386","-0.16876410126351502","152.1672917495348","163.5718984185867","-0.6554133152291115","-0.6435061472431305","-0.3686967740872956","250"
"279","55.44528","37.79614","162.9","31147.383160561265","103.90200867872187","-0.8","-0.76995624066682","-0.4411437126581652","154.1618893209659","163.33820238390936","-0.23369603467733668","-0.2249196503986312","-0.12886924966272081","250"
"280","55.444363","37.796817","163.6","31257.928101488473","110.54494092720897","0.7","0.6332266263192743","0.36280728245258875","157.27820125104034","163.9004970162958","0.5622946323864255","0.5086570472335611","0.2914365068131089","250"
"281","55.443127","37.797595","165.9","31403.86230709595","145.9342056074797","2.3","1.5760527084282945","0.9029369283462809","160.35141444079628","165.91537189352513","2.014874877229346","1.3806734814788861","0.791017373492024","250"
"282","55.442244","37.79803","167.6","31505.808986005806","101.94667890985528","1.7","1.6675383820037903","0.9553405711979153","164.38735089824021","167.14994812893866","1.2345762354135275","1.2110019165069434","0.6938190725252926","250"
"283","55.441624","37.798282","167.9","31576.558528715792","70.74954270998515","0.3","0.4240310092600215","0.24295041603827394","167.01687509445009","167.51023073453084","0.3602826055921753","0.5092366562269345","0.29176858970214914","250"
"284","55.440793","37.798577","167.3","31670.816507518597","94.25797880280358","-0.6","-0.6365508868541045","-0.36471186666819855","168.61444039136197","167.477934558589","-0.032296175941837646","-0.03426359906295491","-0.019631595404111225","250"
"285","55.440196","37.798705","167.4","31737.689153128315","66.872645609719","0.1","0.1495379748897902","0.08567888451730563","173.0654652704239","167.22778722791375","-0.2501473306752473","-0.37406525253263184","-0.2143226026948767","250"
"286","55.43923","37.798872","166.8","31845.618894852618","107.92974172430216","-0.6","-0.5559172017039119","-0.3185138130318713","174.39890460666615","166.5321056444347","-0.6956815834790575","-0.64456893194104","-0.3693056796080547","250"
"287","55.438263","37.798963","165.3","31953.29764914609","107.67875429347167","-1.5","-1.3930324601562944","-0.7980971849526557","176.94413883731815","165.19120612084492","-1.3408995235897692","-1.2452777081124395","-0.7134546926234414","250"
"288","55.437291","37.79891","163.4","32061.430963990817","108.13331484472516","-1.9","-1.7570903127572841","-1.0066350049354427","181.77179143446983","163.9894985636942","-1.201707557150712","-1.1113203723351244","-0.6367134590098399","250"
"289","55.436331","37.798797","163.4","32168.415983109233","106.98501911841764","0.0","0.0","0.0","183.82045364124474","163.4228098110035","-0.566688752690709","-0.5296898176589218","-0.30348707172490147","250"